PMID,Abstract
40779701,"1. Chron Respir Dis. 2025 Jan-Dec;22:14799731251366969. doi: 
10.1177/14799731251366969. Epub 2025 Aug 8.

The evolving landscape of digital inhaler platforms and adherence support in 
chronic airways disease.

Aung HWW(1)(2), Murphy A(2)(3), Greening NJ(1)(2).

Author information:
(1)Department of Respiratory Sciences, University of Leicester, Leicester, UK.
(2)Institute for Lung Health, NIHR Respiratory Biomedical Research Centre, 
University Hospitals of Leicester, UK.
(3)School of Pharmacy, DeMontfort University, Leicester, UK.

Inhaled therapies remain the cornerstone in managing chronic airway diseases, 
offering direct treatment delivery to the lungs with minimal systemic adverse 
effects. With advancements in respiratory care, digital inhalers have emerged as 
a transformative innovation. Their functions extend beyond delivering inhaled 
medication, providing deeper insights into patients' medication use behaviour 
and intervening through complementary platform features and integrated data 
analytics. However, despite being available for over two decades, the widespread 
adoption of digital inhaler platforms remains limited due to uncertainties 
regarding their cost-effectiveness, feasibility in real-world settings, and 
concerns regarding sustainability. Identifying patient groups that could benefit 
most from these technologies and designing strategies for effective deployment 
across diverse healthcare contexts is important. To achieve this, bridging the 
gap between innovation and accessibility is required so that digital inhaler 
platforms evolve into inclusive, patient-centred tools rather than niche 
technologies. This narrative review provides a summary of the evolution and 
current landscape of digital inhaler technology, its impact on clinical outcomes 
in chronic airway disease, and key challenges that stakeholders should address 
for the successful integration of these tools into respiratory care. We also 
propose key components of a patient-centred digital inhaler adherence support 
model that prioritises accessibility and efficacy.

DOI: 10.1177/14799731251366969
PMID: 40779701 [Indexed for MEDLINE]

Conflict of interest statement: Declaration of conflicting interestsThe authors 
declared the following potential conflicts of interest with respect to the 
research, authorship, and/or publication of this article: H. Aung has no 
conflict of interest. A. Murphy has received funding for research studies, 
consultancy agreements, and honoraria for presentations from AstraZeneca, 
Chiesi, Orion, and Sanofi. N.J. Greening has received honoraria for lectures, 
conference travel and advisory boards from AstraZeneca, Boehringer Ingelheim, 
Chiesi, GlaxoSmithKline, Pulmonx, Roche and Sanofi and received grants and 
consultation fees (paid to institution) from Genentech, Roche and 
GlaxoSmithKline."
40779049,"1. Ann Hematol. 2025 Aug 8. doi: 10.1007/s00277-025-06537-1. Online ahead of
print.

Comparative longitudinal analysis of pulmonary function post-pediatric 
Allo-HSCT: benign vs. malignant diseases and early predictors.

Li H(1), Gu Y(1), Zhao X(1), Ding G(1), Zhao Y(1), Zhang X(1), Han Y(1), Li 
X(1), Wang H(2).

Author information:
(1)Department of Pediatric Hematology, The First Affiliated Hospital of Shandong 
First Medical University & Shandong Provincial Qianfoshan Hospital, No. 16766, 
Jing Shi Road, Lixia District, Jinan, 250014, Shandong, China.
(2)Department of Pediatric Hematology, The First Affiliated Hospital of Shandong 
First Medical University & Shandong Provincial Qianfoshan Hospital, No. 16766, 
Jing Shi Road, Lixia District, Jinan, 250014, Shandong, China. whtwhm@yeah.net.

Pulmonary complications are a major cause of morbidity following pediatric 
allogeneic hematopoietic stem cell transplantation (allo-HSCT). However, 
longitudinal pulmonary function test (PFT) trajectories and early predictors of 
dysfunction, particularly the interplay between underlying disease, PFTs, and 
graft-versus-host disease (GVHD), remain poorly understood. In this 
retrospective single-center study, we analyzed 233 children undergoing their 
first allo-HSCT with â‰¥â€‰100-day survival. Patients were categorized into benign 
(acquired aplastic anemia, nâ€‰=â€‰142) and malignant (leukemia/lymphoma, nâ€‰=â€‰91) 
groups. We assessed longitudinal PFTs over 24 months and used Kaplan-Meier and 
multivariate logistic regression analyses to identify early predictors 
(including 3-month PFT values and GVHD) for subsequent Obstructive (OVD) and 
Restrictive Ventilatory Disorders (RVD). Over a median follow-up of 33.1 months, 
the malignant group exhibited significantly slower FEV1 recovery, greater 
severity of RVD (Pâ€‰=â€‰0.006) and diffusion impairment (Pâ€‰=â€‰0.040), and higher 
cumulative incidences of OVD (HRâ€‰=â€‰3.34, Pâ€‰=â€‰0.013) and RVD (HRâ€‰=â€‰2.16, 
Pâ€‰=â€‰0.013). The malignant group also had significantly higher rates of acute 
(Pâ€‰<â€‰0.001) and chronic GVHD (Pâ€‰<â€‰0.001). In multivariate analysis, the 
strongest independent predictors for RVD were lower 3-month FVC%pred (ORâ€‰=â€‰0.85, 
Pâ€‰<â€‰0.001) and the presence of chronic GVHD (ORâ€‰=â€‰5.97, Pâ€‰=â€‰0.027). For OVD, 
predictors were lower 3-month MEF50%pred (ORâ€‰=â€‰0.95, Pâ€‰=â€‰0.030), acute GVHD 
(ORâ€‰=â€‰4.24, Pâ€‰=â€‰0.014), and chronic GVHD (ORâ€‰=â€‰4.20, Pâ€‰=â€‰0.018). Children with 
malignant diseases face a higher burden of post-HSCT pulmonary dysfunction, 
driven by both the underlying disease/treatment intensity and a higher incidence 
of GVHD. Early post-transplant PFTs (FVC%pred, MEF50%pred) and the development 
of GVHD are powerful, independent predictors of long-term ventilatory disorders. 
These findings underscore the need for routine, stratified longitudinal 
monitoring to facilitate early risk stratification and intervention.

Â© 2025. The Author(s).

DOI: 10.1007/s00277-025-06537-1
PMID: 40779049

Conflict of interest statement: Declarations. Competing interests: The authors 
declare no competing interests."
40778913,"1. Ter Arkh. 2025 Jul 31;97(7):538-544. doi: 10.26442/00403660.2025.07.203295.

[Clinical portrait and features of antihypertensive therapy in comorbid patients 
with arterial hypertension and chronic obstructive pulmonary disease according 
to the national hypertension registry].

[Article in Russian; Abstract available in Russian from the publisher]

Aksenova AV(1), Serov IS(2), Belova OÐ(2), Rachkova SÐ(2), Chazova IE(1).

Author information:
(1)Chazov National Medical Research Center of Cardiology.
(2)Cardiological Dispensary.

BACKGROUND: Cardiovascular diseases (CVD) and chronic obstructive pulmonary 
disease (COPD) are the two leading causes of death in the world. Studies show a 
close mutually aggravating relationship between arterial hypertension (AH) and 
COPD. Antihypertensive therapy in patients with AH and COPD has a number of 
features, aiming to reduce the risk of developing cardiovascular complications 
and mortality from CVD without worsening lung function.
AIM: To analyze the data of patients with AH and COPD included in the national 
registry to determine the burden of CVD risk factors, concomitant 
cardiovascular, cerebrovascular diseases and chronic kidney disease, obesity, 
diabetes mellitus, gout and characteristics of antihypertensive therapy.
MATERIALS AND METHODS: A comparative analysis of patients of the hypertension 
registry (conducted in outpatient clinics) was performed depending on the 
presence (n=3323) or absence (n=54073) of chronic obstructive pulmonary disease. 
Statistical analysis of the obtained data were performed using the R 4.3.3 
statistical computing environment (R Foundation for Statistical Computing, 
Vienna, Austria).
RESULTS: The prevalence of COPD in patients with hypertension was 5.8% (3323 
cases). The presence of COPD in patients with hypertension, regardless of gender 
and age, was statistically significantly associated with higher odds of having 
coronary artery disease [odds ratio (OR) 2.21, 95% confidence interval (CI) 
2.06-2.38; p<0.001], a history of myocardial infarction (OR 1.73, 95% CI 
1.59-1.87; p<0.001), chronic heart failure (OR 1.95, 95% CI 1.82-2.1; p<0.001), 
a history of acute cerebrovascular accident (OR 1.25, 95% CI 1.07-1.46; 
p=0.004), transient ischemic attack (OR 2.9, 95% CI 2.31-3.59; p<0.001), atrial 
fibrillation (OR 1.68, 95% CI 1.45-1.93; p<0.001). Patients with hypertension 
and COPD more often received drugs from the group of angiotensin-II receptor 
antagonists than patients with hypertension without COPD (22.7% vs 17.7%). The 
prescription of drugs from the group of beta-blockers in patients with 
hypertension and COPD was lower by 4%. Cardiovascular risk factors, 
comorbidities such as diabetes mellitus, gout, obstructive sleep apnea in 
patients with hypertension and COPD are more common.
CONCLUSION: Patients with COPD and hypertension have a higher incidence of risk 
factors, CVD and comorbid pathologies. They require closer attention during 
examination and during the selection of antihypertensive therapy. In patients 
with hypertension and COPD, angiotensin-converting-enzyme inhibitors and 
beta-blockers are prescribed less frequently than in patients with hypertension 
without COPD due to possible side effects and contraindications.

Publisher: ÐÐºÑ‚ÑƒÐ°Ð»ÑŒÐ½Ð¾ÑÑ‚ÑŒ. Ð¡ÐµÑ€Ð´ÐµÑ‡Ð½Ð¾-ÑÐ¾ÑÑƒÐ´Ð¸ÑÑ‚Ñ‹Ðµ Ð·Ð°Ð±Ð¾Ð»ÐµÐ²Ð°Ð½Ð¸Ñ (Ð¡Ð¡Ð—) Ð¸ Ñ…Ñ€Ð¾Ð½Ð¸Ñ‡ÐµÑÐºÐ°Ñ 
Ð¾Ð±ÑÑ‚Ñ€ÑƒÐºÑ‚Ð¸Ð²Ð½Ð°Ñ Ð±Ð¾Ð»ÐµÐ·Ð½ÑŒ Ð»ÐµÐ³ÐºÐ¸Ñ… (Ð¥ÐžÐ‘Ð›) â€“ Ð´Ð²Ðµ Ð¾ÑÐ½Ð¾Ð²Ð½Ñ‹Ðµ Ð¿Ñ€Ð¸Ñ‡Ð¸Ð½Ñ‹ ÑÐ¼ÐµÑ€Ñ‚Ð¸ Ð² Ð¼Ð¸Ñ€Ðµ. 
Ð˜ÑÑÐ»ÐµÐ´Ð¾Ð²Ð°Ð½Ð¸Ñ Ð¿Ð¾ÐºÐ°Ð·Ñ‹Ð²Ð°ÑŽÑ‚ Ñ‚ÐµÑÐ½ÑƒÑŽ Ð²Ð·Ð°Ð¸Ð¼Ð¾Ð¾Ñ‚ÑÐ³Ñ‡Ð°ÑŽÑ‰ÑƒÑŽ ÑÐ²ÑÐ·ÑŒ Ð°Ñ€Ñ‚ÐµÑ€Ð¸Ð°Ð»ÑŒÐ½Ð¾Ð¹ Ð³Ð¸Ð¿ÐµÑ€Ñ‚Ð¾Ð½Ð¸Ð¸ 
(ÐÐ“) Ð¸ Ð¥ÐžÐ‘Ð›. ÐÐ½Ñ‚Ð¸Ð³Ð¸Ð¿ÐµÑ€Ñ‚ÐµÐ½Ð·Ð¸Ð²Ð½Ð°Ñ Ñ‚ÐµÑ€Ð°Ð¿Ð¸Ñ (ÐÐ“Ð¢) Ñƒ Ð±Ð¾Ð»ÑŒÐ½Ñ‹Ñ… ÐÐ“ Ð¸ Ð¥ÐžÐ‘Ð› Ð¸Ð¼ÐµÐµÑ‚ Ñ€ÑÐ´ 
Ð¾ÑÐ¾Ð±ÐµÐ½Ð½Ð¾ÑÑ‚ÐµÐ¹, ÐµÐµ Ñ†ÐµÐ»ÑŒ â€“ ÑÐ½Ð¸Ð¶ÐµÐ½Ð¸Ðµ Ñ€Ð¸ÑÐºÐ° Ñ€Ð°Ð·Ð²Ð¸Ñ‚Ð¸Ñ ÑÐµÑ€Ð´ÐµÑ‡Ð½Ð¾-ÑÐ¾ÑÑƒÐ´Ð¸ÑÑ‚Ñ‹Ñ… Ð¾ÑÐ»Ð¾Ð¶Ð½ÐµÐ½Ð¸Ð¹ Ð¸ 
ÑÐ¼ÐµÑ€Ñ‚Ð½Ð¾ÑÑ‚Ð¸ Ð¾Ñ‚ Ð¡Ð¡Ð— Ð±ÐµÐ· ÑƒÑ…ÑƒÐ´ÑˆÐµÐ½Ð¸Ñ Ñ„ÑƒÐ½ÐºÑ†Ð¸Ð¸ Ð»ÐµÐ³ÐºÐ¸Ñ…. Ð¦ÐµÐ»ÑŒ. ÐŸÑ€Ð¾Ð°Ð½Ð°Ð»Ð¸Ð·Ð¸Ñ€Ð¾Ð²Ð°Ñ‚ÑŒ Ð´Ð°Ð½Ð½Ñ‹Ðµ 
Ð±Ð¾Ð»ÑŒÐ½Ñ‹Ñ… ÐÐ“ Ð¸ Ð¥ÐžÐ‘Ð›, Ð²ÐºÐ»ÑŽÑ‡ÐµÐ½Ð½Ñ‹Ñ… Ð² Ð½Ð°Ñ†Ð¸Ð¾Ð½Ð°Ð»ÑŒÐ½Ñ‹Ð¹ Ñ€ÐµÐ³Ð¸ÑÑ‚Ñ€, Ð´Ð»Ñ Ð¾Ð¿Ñ€ÐµÐ´ÐµÐ»ÐµÐ½Ð¸Ñ 
Ð¾Ñ‚ÑÐ³Ð¾Ñ‰ÐµÐ½Ð½Ð¾ÑÑ‚Ð¸ Ñ„Ð°ÐºÑ‚Ð¾Ñ€Ð°Ð¼Ð¸ ÑÐµÑ€Ð´ÐµÑ‡Ð½Ð¾-ÑÐ¾ÑÑƒÐ´Ð¸ÑÑ‚Ð¾Ð³Ð¾ Ñ€Ð¸ÑÐºÐ° (Ð¡Ð¡Ð ), ÑÐ¾Ð¿ÑƒÑ‚ÑÑ‚Ð²ÑƒÑŽÑ‰Ð¸Ð¼Ð¸ Ð¡Ð¡Ð—, 
Ñ†ÐµÑ€ÐµÐ±Ñ€Ð¾Ð²Ð°ÑÐºÑƒÐ»ÑÑ€Ð½Ñ‹Ð¼Ð¸ Ð·Ð°Ð±Ð¾Ð»ÐµÐ²Ð°Ð½Ð¸ÑÐ¼Ð¸ Ð¸ Ñ…Ñ€Ð¾Ð½Ð¸Ñ‡ÐµÑÐºÐ¾Ð¹ Ð±Ð¾Ð»ÐµÐ·Ð½ÑŒÑŽ Ð¿Ð¾Ñ‡ÐµÐº, Ð¾Ð¶Ð¸Ñ€ÐµÐ½Ð¸ÐµÐ¼, 
ÑÐ°Ñ…Ð°Ñ€Ð½Ñ‹Ð¼ Ð´Ð¸Ð°Ð±ÐµÑ‚Ð¾Ð¼, Ð¿Ð¾Ð´Ð°Ð³Ñ€Ð¾Ð¹, Ð° Ñ‚Ð°ÐºÐ¶Ðµ Ð¾ÑÐ¾Ð±ÐµÐ½Ð½Ð¾ÑÑ‚ÐµÐ¹ ÐÐ“Ð¢. ÐœÐ°Ñ‚ÐµÑ€Ð¸Ð°Ð»Ñ‹ Ð¸ Ð¼ÐµÑ‚Ð¾Ð´Ñ‹. 
Ð’Ñ‹Ð¿Ð¾Ð»Ð½ÐµÐ½ ÑÑ€Ð°Ð²Ð½Ð¸Ñ‚ÐµÐ»ÑŒÐ½Ñ‹Ð¹ Ð°Ð½Ð°Ð»Ð¸Ð· Ð¿Ð°Ñ†Ð¸ÐµÐ½Ñ‚Ð¾Ð² Ñ€ÐµÐ³Ð¸ÑÑ‚Ñ€Ð° ÐÐ“ (Ð¿Ñ€Ð¾Ð²Ð¾Ð´Ð¸Ð»ÑÑ Ð² 
Ð°Ð¼Ð±ÑƒÐ»Ð°Ñ‚Ð¾Ñ€Ð½Ð¾-Ð¿Ð¾Ð»Ð¸ÐºÐ»Ð¸Ð½Ð¸Ñ‡ÐµÑÐºÐ¸Ñ… ÑƒÑ‡Ñ€ÐµÐ¶Ð´ÐµÐ½Ð¸ÑÑ…) Ð² Ð·Ð°Ð²Ð¸ÑÐ¸Ð¼Ð¾ÑÑ‚Ð¸ Ð¾Ñ‚ Ð½Ð°Ð»Ð¸Ñ‡Ð¸Ñ (n=3323) Ð¸Ð»Ð¸ 
Ð¾Ñ‚ÑÑƒÑ‚ÑÑ‚Ð²Ð¸Ñ (n=54 073) Ð¥ÐžÐ‘Ð›. Ð¡Ñ‚Ð°Ñ‚Ð¸ÑÑ‚Ð¸Ñ‡ÐµÑÐºÐ¸Ð¹ Ð°Ð½Ð°Ð»Ð¸Ð· Ð¿Ð¾Ð»ÑƒÑ‡ÐµÐ½Ð½Ñ‹Ñ… Ð´Ð°Ð½Ð½Ñ‹Ñ… Ð¿Ñ€Ð¾Ð²Ð¾Ð´Ð¸Ð»Ð¸ Ñ 
Ð¸ÑÐ¿Ð¾Ð»ÑŒÐ·Ð¾Ð²Ð°Ð½Ð¸ÐµÐ¼ ÑÑ€ÐµÐ´Ñ‹ Ð´Ð»Ñ ÑÑ‚Ð°Ñ‚Ð¸ÑÑ‚Ð¸Ñ‡ÐµÑÐºÐ¸Ñ… Ð²Ñ‹Ñ‡Ð¸ÑÐ»ÐµÐ½Ð¸Ð¹ R 4.3.3 (R Foundation for 
Statistical Computing, Ð’ÐµÐ½Ð°, ÐÐ²ÑÑ‚Ñ€Ð¸Ñ). Ð ÐµÐ·ÑƒÐ»ÑŒÑ‚Ð°Ñ‚Ñ‹. Ð Ð°ÑÐ¿Ñ€Ð¾ÑÑ‚Ñ€Ð°Ð½ÐµÐ½Ð½Ð¾ÑÑ‚ÑŒ Ð¥ÐžÐ‘Ð› Ñƒ 
Ð¿Ð°Ñ†Ð¸ÐµÐ½Ñ‚Ð¾Ð² Ñ ÐÐ“ ÑÐ¾ÑÑ‚Ð°Ð²Ð¸Ð»Ð° 5,8% (3323 ÑÐ»ÑƒÑ‡Ð°Ñ). ÐÐ°Ð»Ð¸Ñ‡Ð¸Ðµ Ð¥ÐžÐ‘Ð› Ñƒ Ð¿Ð°Ñ†Ð¸ÐµÐ½Ñ‚Ð¾Ð² Ñ ÐÐ“ Ð²Ð½Ðµ 
Ð·Ð°Ð²Ð¸ÑÐ¸Ð¼Ð¾ÑÑ‚Ð¸ Ð¾Ñ‚ Ð¿Ð¾Ð»Ð° Ð¸ Ð²Ð¾Ð·Ñ€Ð°ÑÑ‚Ð° Ð±Ñ‹Ð»Ð¾ ÑÑ‚Ð°Ñ‚Ð¸ÑÑ‚Ð¸Ñ‡ÐµÑÐºÐ¸ Ð·Ð½Ð°Ñ‡Ð¸Ð¼Ð¾ Ð°ÑÑÐ¾Ñ†Ð¸Ð¸Ñ€Ð¾Ð²Ð°Ð½Ð¾ Ñ Ð±Ð¾Ð»ÐµÐµ 
Ð²Ñ‹ÑÐ¾ÐºÐ¸Ð¼Ð¸ ÑˆÐ°Ð½ÑÐ°Ð¼Ð¸ Ð¸ÑˆÐµÐ¼Ð¸Ñ‡ÐµÑÐºÐ¾Ð¹ Ð±Ð¾Ð»ÐµÐ·Ð½Ð¸ ÑÐµÑ€Ð´Ñ†Ð° [Ð¾Ñ‚Ð½Ð¾ÑˆÐµÐ½Ð¸Ðµ ÑˆÐ°Ð½ÑÐ¾Ð² (ÐžÐ¨) 2,21, 95% 
Ð´Ð¾Ð²ÐµÑ€Ð¸Ñ‚ÐµÐ»ÑŒÐ½Ñ‹Ð¹ Ð¸Ð½Ñ‚ÐµÑ€Ð²Ð°Ð» (Ð”Ð˜) 2,06â€“2,38; p<0,001], Ð¸Ð½Ñ„Ð°Ñ€ÐºÑ‚Ð° Ð¼Ð¸Ð¾ÐºÐ°Ñ€Ð´Ð° Ð² Ð°Ð½Ð°Ð¼Ð½ÐµÐ·Ðµ 
(ÐžÐ¨ 1,73, 95% Ð”Ð˜ 1,59â€“1,87; p<0,001), Ñ…Ñ€Ð¾Ð½Ð¸Ñ‡ÐµÑÐºÐ¾Ð¹ ÑÐµÑ€Ð´ÐµÑ‡Ð½Ð¾Ð¹ Ð½ÐµÐ´Ð¾ÑÑ‚Ð°Ñ‚Ð¾Ñ‡Ð½Ð¾ÑÑ‚Ð¸ (ÐžÐ¨ 
1,95, 95% Ð”Ð˜ 1,82â€“2,1; p<0,001), Ð¾ÑÑ‚Ñ€Ð¾Ð³Ð¾ Ð½Ð°Ñ€ÑƒÑˆÐµÐ½Ð¸Ñ Ð¼Ð¾Ð·Ð³Ð¾Ð²Ð¾Ð³Ð¾ ÐºÑ€Ð¾Ð²Ð¾Ð¾Ð±Ñ€Ð°Ñ‰ÐµÐ½Ð¸Ñ Ð² 
Ð°Ð½Ð°Ð¼Ð½ÐµÐ·Ðµ (ÐžÐ¨ 1,25, 95% Ð”Ð˜ 1,07â€“1,46; p=0,004), Ñ‚Ñ€Ð°Ð½Ð·Ð¸Ñ‚Ð¾Ñ€Ð½Ð¾Ð¹ Ð¸ÑˆÐµÐ¼Ð¸Ñ‡ÐµÑÐºÐ¾Ð¹ Ð°Ñ‚Ð°ÐºÐ¸ 
(ÐžÐ¨ 2,9, 95% Ð”Ð˜ 2,31â€“3,59; p<0,001), Ñ„Ð¸Ð±Ñ€Ð¸Ð»Ð»ÑÑ†Ð¸Ð¸ Ð¿Ñ€ÐµÐ´ÑÐµÑ€Ð´Ð¸Ð¹ (ÐžÐ¨ 1,68, 95% Ð”Ð˜ 
1,45â€“1,93; p<0,001). Ð‘Ð¾Ð»ÑŒÐ½Ñ‹Ðµ ÐÐ“ Ð¸ Ð¥ÐžÐ‘Ð› Ð¿Ð¾ ÑÑ€Ð°Ð²Ð½ÐµÐ½Ð¸ÑŽ Ñ Ð±Ð¾Ð»ÑŒÐ½Ñ‹Ð¼Ð¸ ÐÐ“ Ð±ÐµÐ· 
ÑÐ¾Ð¿ÑƒÑ‚ÑÑ‚Ð²ÑƒÑŽÑ‰ÐµÐ¹ Ð¥ÐžÐ‘Ð› Ñ‡Ð°Ñ‰Ðµ Ð¿Ð¾Ð»ÑƒÑ‡Ð°Ð»Ð¸ Ð¿Ñ€ÐµÐ¿Ð°Ñ€Ð°Ñ‚Ñ‹ Ð¸Ð· Ð³Ñ€ÑƒÐ¿Ð¿Ñ‹ Ð°Ð½Ñ‚Ð°Ð³Ð¾Ð½Ð¸ÑÑ‚Ð¾Ð² Ñ€ÐµÑ†ÐµÐ¿Ñ‚Ð¾Ñ€Ð¾Ð² Ðº 
Ð°Ð½Ð³Ð¸Ð¾Ñ‚ÐµÐ½Ð·Ð¸Ð½Ñƒ II (22,7% vs 17,7%). ÐŸÑ€ÐµÐ¿Ð°Ñ€Ð°Ñ‚Ñ‹ Ð¸Ð· Ð³Ñ€ÑƒÐ¿Ð¿Ñ‹ b-Ð°Ð´Ñ€ÐµÐ½Ð¾Ð±Ð»Ð¾ÐºÐ°Ñ‚Ð¾Ñ€Ð¾Ð² Ð±Ð¾Ð»ÑŒÐ½Ñ‹Ð¼ 
ÐÐ“ Ð¸ Ð¥ÐžÐ‘Ð› Ð½Ð°Ð·Ð½Ð°Ñ‡Ð°Ð»Ð¸ Ñ€ÐµÐ¶Ðµ Ð½Ð° 4%, Ñ‡ÐµÐ¼ Ð±Ð¾Ð»ÑŒÐ½Ñ‹Ð¼ ÐÐ“ Ð±ÐµÐ· Ð¥ÐžÐ‘Ð›. Ð¤Ð°ÐºÑ‚Ð¾Ñ€Ñ‹ Ð¡Ð¡Ð , 
ÑÐ¾Ð¿ÑƒÑ‚ÑÑ‚Ð²ÑƒÑŽÑ‰Ð¸Ðµ Ð·Ð°Ð±Ð¾Ð»ÐµÐ²Ð°Ð½Ð¸Ñ, Ñ‚Ð°ÐºÐ¸Ðµ ÐºÐ°Ðº ÑÐ°Ñ…Ð°Ñ€Ð½Ñ‹Ð¹ Ð´Ð¸Ð°Ð±ÐµÑ‚, Ð¿Ð¾Ð´Ð°Ð³Ñ€Ð°, Ð¾Ð±ÑÑ‚Ñ€ÑƒÐºÑ‚Ð¸Ð²Ð½Ð¾Ðµ 
Ð°Ð¿Ð½Ð¾Ñ ÑÐ½Ð°, Ñƒ Ð±Ð¾Ð»ÑŒÐ½Ñ‹Ñ… ÐÐ“ Ð¸ Ð¥ÐžÐ‘Ð› Ð²ÑÑ‚Ñ€ÐµÑ‡Ð°Ð»Ð¸ÑÑŒ Ñ‡Ð°Ñ‰Ðµ. Ð—Ð°ÐºÐ»ÑŽÑ‡ÐµÐ½Ð¸Ðµ. ÐŸÐ°Ñ†Ð¸ÐµÐ½Ñ‚Ñ‹ Ñ Ð¥ÐžÐ‘Ð› Ð¸ 
ÐÐ“ Ð¸Ð¼ÐµÑŽÑ‚ Ð±Ð¾Ð»ÑŒÑˆÑƒÑŽ Ñ‡Ð°ÑÑ‚Ð¾Ñ‚Ñƒ Ñ„Ð°ÐºÑ‚Ð¾Ñ€Ð¾Ð² Ñ€Ð¸ÑÐºÐ° Ð¡Ð¡Ð— Ð¸ ÐºÐ¾Ð¼Ð¾Ñ€Ð±Ð¸Ð´Ð½Ñ‹Ñ… Ð¿Ð°Ñ‚Ð¾Ð»Ð¾Ð³Ð¸Ð¹. ÐžÐ½Ð¸ Ñ‚Ñ€ÐµÐ±ÑƒÑŽÑ‚ 
Ð±Ð¾Ð»ÐµÐµ Ð¿Ñ€Ð¸ÑÑ‚Ð°Ð»ÑŒÐ½Ð¾Ð³Ð¾ Ð²Ð½Ð¸Ð¼Ð°Ð½Ð¸Ñ Ð¿Ñ€Ð¸ Ð¾Ð±ÑÐ»ÐµÐ´Ð¾Ð²Ð°Ð½Ð¸Ð¸ Ð¸ Ð²Ð¾ Ð²Ñ€ÐµÐ¼Ñ Ð¿Ð¾Ð´Ð±Ð¾Ñ€Ð° ÐÐ“Ð¢. ÐŸÐ°Ñ†Ð¸ÐµÐ½Ñ‚Ð°Ð¼ Ñ 
ÐÐ“ Ð¸ Ð¥ÐžÐ‘Ð› Ð¸Ð½Ð³Ð¸Ð±Ð¸Ñ‚Ð¾Ñ€Ñ‹ Ð°Ð½Ð³Ð¸Ð¾Ñ‚ÐµÐ½Ð·Ð¸Ð½Ð¿Ñ€ÐµÐ²Ñ€Ð°Ñ‰Ð°ÑŽÑ‰ÐµÐ³Ð¾ Ñ„ÐµÑ€Ð¼ÐµÐ½Ñ‚Ð° Ð¸ b-Ð°Ð´Ñ€ÐµÐ½Ð¾Ð±Ð»Ð¾ÐºÐ°Ñ‚Ð¾Ñ€Ñ‹ 
Ð½Ð°Ð·Ð½Ð°Ñ‡Ð°ÑŽÑ‚ Ñ€ÐµÐ¶Ðµ, Ñ‡ÐµÐ¼ Ð¿Ð°Ñ†Ð¸ÐµÐ½Ñ‚Ð°Ð¼ Ñ ÐÐ“ Ð±ÐµÐ· Ð¥ÐžÐ‘Ð›, Ð¸Ð·-Ð·Ð° Ð²Ð¾Ð·Ð¼Ð¾Ð¶Ð½Ñ‹Ñ… Ð¿Ð¾Ð±Ð¾Ñ‡Ð½Ñ‹Ñ… ÑÑ„Ñ„ÐµÐºÑ‚Ð¾Ð² Ð¸ 
Ð¿Ñ€Ð¾Ñ‚Ð¸Ð²Ð¾Ð¿Ð¾ÐºÐ°Ð·Ð°Ð½Ð¸Ð¹.

DOI: 10.26442/00403660.2025.07.203295
PMID: 40778913 [Indexed for MEDLINE]"
40778820,"1. Chron Respir Dis. 2025 Jan-Dec;22:14799731251366962. doi: 
10.1177/14799731251366962. Epub 2025 Aug 8.

Longer daily oxygen use associates with more adverse events, symptoms, and worse 
health status in long-term oxygen therapy.

BjÃ¶rklund F(1), EkstrÃ¶m M(1).

Author information:
(1)Faculty of Medicine, Department of Clinical Sciences Lund, Respiratory 
Medicine, Allergology, and Palliative Medicine, Lund University, Lund, Sweden.

IntroductionUse of long-term oxygen therapy (LTOT) for more than 15Â h per day 
does not reduce mortality or hospitalizations, but may increase the risk of 
adverse events. We evaluated the relationship between daily oxygen use duration 
and adverse events, symptoms, and health status in patients on LTOT.MethodsThis 
was a cross-sectional survey study of a random sample (N = 650) of adults with 
ongoing LTOT in Sweden. Oxygen use (h/day) was reported, and associations were 
analyzed with adverse events, symptom severities (revised Edmonton Symptom 
Assessment System), sleep duration and quality, and health status (COPD 
assessment test [CAT]).ResultsIn total, surveys from 204 patients were analyzed; 
60% female, mean age 75.3 (SD 8.7) years. Swedevox baseline characteristics were 
similar between sampled respondents and non-respondents. Patients reporting 24Â h 
of daily oxygen use (53.4%) also reported a higher number of total adverse 
events, higher ratings of dyspnea, depression and anxiety, and worse health 
status, compared to those reporting fewer hours of oxygen use. A longer daily 
duration of oxygen use also associated with a higher number of experienced 
adverse events, higher ratings of dyspnea and anxiety, and worse rated health 
status in crude and adjusted linear regression models. No associations were seen 
between oxygen use duration and sleep quality or duration.ConclusionMore adverse 
events, a higher severity of some symptoms, and worse health status are seen 
among patients with a longer daily duration of oxygen use. Further research is 
needed to establish evidence of causality.

DOI: 10.1177/14799731251366962
PMID: 40778820 [Indexed for MEDLINE]

Conflict of interest statement: Declaration of conflicting interestsThe authors 
declared the following potential conflicts of interest with respect to the 
research, authorship, and/or publication of this article: FB declares no 
conflicts of interest. ME declares no conflicts of interest related to this 
work. Unrelated to this work, ME has received a research grant from ResMed and 
personal fees from AstraZeneca, Boehringer Ingelheim, Novartis, and Roche."
40778628,"1. Ther Adv Respir Dis. 2025 Jan-Dec;19:17534666251346097. doi: 
10.1177/17534666251346097. Epub 2025 Aug 8.

Active home surveillance system (COD19) in managing chronic obstructive 
pulmonary disease: lessons and future perspectives from the COVID-19 pandemic 
experience.

Foppiani A(1)(2), Calcaterra V(3)(4), Montanari C(4)(5), Bertoli S(1)(6), 
Battezzati A(1)(6), Zuccotti G(7)(8).

Author information:
(1)International Center for the Assessment of Nutritional Status and the 
Development of Dietary Intervention Strategies (ICANS-DIS), Department of Food, 
Environmental and Nutritional Sciences (DeFENS), University of Milan, Milan, 
Italy.
(2)IRCCS Istituto Auxologico Italiano, Clinical Nutrition Unit, Department of 
Endocrine and Metabolic Medicine, Milan, Italy.
(3)Pediatric and Adolescent Unit, Department of Internal Medicine, University of 
Pavia, Pavia, Italy.
(4)Pediatric Department, Buzzi Children's Hospital, Milan, Italy.
(5)Department of Biomedical and Clinical Science, University of Milan, Milan, 
Italy.
(6)IRCCS Istituto Auxologico Italiano, Obesity Unit and Laboratory of Nutrition 
and Obesity Research, Department of Endocrine and Metabolic Diseases, Milan, 
Italy.
(7)Pediatric Department, Buzzi Children's Hospital, Milan 20154, Italy.
(8)Department of Biomedical and Clinical Science, University of Milan, Milan 
20157, Italy.

BACKGROUND: During the COVID-19 pandemic, telemedicine became crucial for 
monitoring chronic conditions, including respiratory diseases.
OBJECTIVES: This study, part of a larger cohort of COVID-positive patients, 
focuses on individuals with chronic obstructive pulmonary disease (COPD) 
monitored through an active home surveillance system (COD19).
DESIGN: Longitudinal telematic active surveillance study.
METHODS: The study included COVID-19-positive patients in home isolation, 
quarantined workers, and those discharged from ASST hospitals or emergency 
departments. At discharge, patients received a letter with isolation guidelines, 
a COD19 kit (oxygen meter, thermometer, protective devices), and instructions 
for monitoring clinical parameters. Regular phone check-ins by physicians were 
conducted, starting within 12â€‰h of activation. A secure platform COD19 enabled 
data collection and communication between patients, healthcare providers, and 
regional authorities.
RESULTS: The study involved 1288 patients, including 226 (17.5%) with COPD, who 
were older (pâ€‰<â€‰0.001), had a higher BMI (pâ€‰=â€‰0.006), and were more frequently 
admitted from home isolation (pâ€‰<â€‰0.001). COPD patients also had higher mean 
body temperature (pâ€‰=â€‰0.011) and respiratory rate (pâ€‰=â€‰0.035), with a 
non-significant trend toward lower SpO2 values. Monitoring outcomes indicated 
that COPD patients were more likely to require higher levels of care 
(pâ€‰<â€‰0.001), and the only two deceased patients were from this group. The remote 
monitoring service received positive feedback, with a median answering ratio of 
92%, reflecting strong patient participation and manageable monitoring 
processes.
CONCLUSION: The findings underscore telemedicine's effectiveness in COPD 
management, ensuring continuity of care and smooth home-to-hospital transitions. 
The system enhanced accessibility, enabling consistent monitoring and timely 
interventions. As healthcare evolves, telemedicine remains a key tool in 
improving patient care and accessibility.

DOI: 10.1177/17534666251346097
PMID: 40778628 [Indexed for MEDLINE]"
40776992,"1. Pan Afr Med J. 2025 Jun 9;51:35. doi: 10.11604/pamj.2025.51.35.47605. 
eCollection 2025.

Long live the kidney despite every threats: a case report.

Kaynar K(1), Misir B(2), Ataberk HC(3), Mungan S(4), Ã‡obanoÄŸlu Ãœ(4).

Author information:
(1)Department of Nephrology, Faculty of Medicine, Karadeniz Technical 
University, Trabzon, Turkiye.
(2)Faculty of Medicine, Ä°stanbul Medipol University, Ä°stanbul, Turkiye.
(3)Department of Internal Medicine, Faculty of Medicine, Karadeniz Technical 
University, Trabzon, Turkiye.
(4)Department of Pathology, Faculty of Medicine, Karadeniz Technical University, 
Trabzon, Turkiye.

Kidneys are functionally affected by the diseases of other organs. Here, we 
present an elderly predialysis patient with a functioning kidney for 10 years of 
nephrological follow-up despite many comorbidities. A 75-year-old male patient 
with a medical history of hypertension for 15 years and 60 pack years of 
cigarette smoking, was diagnosed as muscle invasive bladder cancer (MIBC) and 
synchronous centrally located clear cell renal cell carcinoma (ccRCC) in the 
left kidney. At admission, the patient had an Estimated Glomerular Filtration 
Rate (eGFR) (CKD-EPI-cre) of 54mL/min/1.73m2, after left nephrectomy eGFR of the 
patient decreased to 35 mL/min/1.73m2. After ten years of follow-up, the 
patient's right kidney had been functional with a eGFR of 24 mL/min/1.73m2 
despite radical cystectomy with urinary diversion, radical nephrectomy, heavy 
smoking, [cardiorenal syndrome, chronic obstructive pulmonary disease, and 
hypertension. It is well known that comorbidities such as hypertension, smoking, 
cancers, infections, pulmonary and heart diseases contribute to irreversible 
kidney damage and are additive to decreasing kidney function. Appropriate and 
early diagnosis and treatment of these comorbidities permit healthy aging of the 
kidneys without the need for dialysis.

Copyright: Kubra Kaynar et al.

DOI: 10.11604/pamj.2025.51.35.47605
PMCID: PMC12329455
PMID: 40776992 [Indexed for MEDLINE]

Conflict of interest statement: The authors declare no competing interests."
40776929,"1. Front Med (Lausanne). 2025 Jul 24;12:1591707. doi: 10.3389/fmed.2025.1591707. 
eCollection 2025.

Concurrent strongyloidiasis and allergic bronchopulmonary aspergillosis 
complicating diagnosis: case report.

Lin Z(1), Su W(1), Wu D(1), Lin Y(1), Jian L(1), He Z(1), Jiang D(1).

Author information:
(1)Department of Pulmonary Medicine, Xinglin Hospital of Xiamen, Xiamen, China.

Herein, we report a case of allergic bronchopulmonary aspergillosis (ABPA) 
complicated by Strongyloides stercoralis infection. A 73-year-old man with a 
history of duodenal ulcer perforation and prior Billroth II gastrectomy 
presented with a 14-year history of recurrent cough and wheezing, recently 
accompanied by new gastrointestinal symptoms. He was initially diagnosed with 
chronic obstructive pulmonary disease (COPD). Subsequent laboratory evaluation 
revealed a markedly elevated total serum IgE (1,219 kUA/L) and increased 
Aspergillus fumigatus-specific IgE (0.38 kUA/L, positive cutoff >0.35 kUA/L), 
leading to a diagnosis of ABPA. Despite antifungal and corticosteroid therapy, 
total IgE levels remained persistently elevated, accompanied by worsening 
gastrointestinal symptoms. Multiple stool examinations failed to detect 
parasitic infection. As gastrointestinal symptoms progressed, gastroscopy 
revealed the presence of parasitic eggs and larvae. Subsequently, a stool 
specimen was sent to the Xiamen Center for Disease Control and Prevention. Using 
the formol-ether concentration technique, the microscopic examination ultimately 
confirmed an infection with Strongyloides stercoralis. Following albendazole 
treatment, the patient's symptoms completely resolved. In conclusion, 
co-infection of ABPA with Strongyloides stercoralis may lead to missed or 
delayed diagnosis due to persistently elevated IgE levels.

Copyright Â© 2025 Lin, Su, Wu, Lin, Jian, He and Jiang.

DOI: 10.3389/fmed.2025.1591707
PMCID: PMC12328310
PMID: 40776929

Conflict of interest statement: The authors declare that the research was 
conducted in the absence of any commercial or financial relationships that could 
be construed as a potential conflict of interest."
40776006,"1. Stud Health Technol Inform. 2025 Aug 7;329:992-996. doi: 10.3233/SHTI250988.

Development of Multivariable Prediction Models for 30-Day Risk of Readmission 
After COPD Hospital Admission: A Retrospective Cohort Study Using Electronic 
Medical Record Data from 7 Hospitals.

Wu R(1)(2), Chow R(1), So O(1), Lapointe-Shaw L(1)(2), Mariakakis A(3), Gershon 
A(1)(4).

Author information:
(1)Department of Medicine, University of Toronto, Toronto, Canada.
(2)Division of General Internal Medicine, University Health Network, Toronto, 
Canada.
(3)Department of Computer Science, University of Toronto, Toronto, Canada.
(4)Division of Respirology, Sunnybrook Health Sciences Center, Toronto, Canada.

BACKGROUND: Approximately 20% of patients who are discharged from hospital for 
an acute exacerbation of COPD (AECOPD) are readmitted within 30 days. Prediction 
scores are helpful to identify those who are at higher risk of readmission, such 
that they can be prioritized for readmission-reducing interventions.
OBJECTIVES: To develop and determine the accuracy and precision of a clinical 
prediction model using data available in electronic medical records to predict 
30-day readmission in patients discharged after a hospitalization with an 
AECOPD.
METHODS: A dataset was created using all admissions to General Internal Medicine 
from 2012 to 2018 at seven hospitals in Toronto, Canada. We fit and internally 
validated models with six algorithms.
RESULTS: Of the 16,314 patients admitted with an exacerbation of COPD, 15.4% 
were readmitted at 30 days. Top-performing models included LASSO, logistic 
regression, linear discriminant analysis, and XGBoost with C-statistics of 0.688 
Â± 0.024, 0.690 Â± 0.026, 0.687 Â± 0.023, and 0.686 Â± 0.022. The four top models 
had similarly high specificity (96%-98%) with poor sensitivity (14%-20%) at a 
decision threshold of 50%. At a more aggressive decision threshold of 20%, 
specificity was less (69%-73%) with a modest improvement in sensitivity 
(55%-59%). The most important predictor of readmission risk was the number of 
hospitalizations in the previous year.
CONCLUSION: We generated clinical prediction models to predict all-cause 30-day 
readmissions after an acute exacerbation using data from 7 hospitals' electronic 
medical records. Further work should be done to improve performance, especially 
sensitivity.

DOI: 10.3233/SHTI250988
PMID: 40776006 [Indexed for MEDLINE]"
40775387,"1. J Cardiothorac Surg. 2025 Aug 7;20(1):324. doi: 10.1186/s13019-025-03572-x.

External validation of SYNTAX score II in a real-world cohort undergoing 
coronary artery bypass grafting.

Angleitner P(#)(1), Abfalterer H(#)(2), Kaider A(3), Manville E(4)(5), Bichler 
M(2)(6), Graber M(2), PÃ¶lzl L(2), Zimpfer D(4), Sandner S(4), Bonaros N(2).

Author information:
(1)Department of Cardiac Surgery, Medical University of Vienna, Spitalgasse 23, 
Vienna, 1090, Austria. philipp.angleitner@meduniwien.ac.at.
(2)Department of Cardiac Surgery, Medical University of Innsbruck, Innsbruck, 
Austria.
(3)Center for Medical Data Science, Medical University of Vienna, Vienna, 
Austria.
(4)Department of Cardiac Surgery, Medical University of Vienna, Spitalgasse 23, 
Vienna, 1090, Austria.
(5)Department of Cardiovascular Surgery, Clinic Floridsdorf, Vienna, Austria.
(6)Department of Cardiovascular Surgery, Institute Insure, School of Medicine & 
Health, German Heart Center Munich, Technical University of Munich, Munich, 
Germany.
(#)Contributed equally

BACKGROUND: Our aim was to evaluate SYNTAX Score II for its ability to predict 
mortality in all-comers undergoing isolated coronary artery bypass grafting.
METHODS: External validation of SYNTAX Score II was performed in a retrospective 
analysis of 2 tertiary care centers. Mortality at 4 years after surgery was 
defined as the primary outcome variable. External validation included assessment 
of calibration (calibration-in-the-large, observed-expected ratio, calibration 
slope) and discrimination (concordance statistic, Receiver Operating 
Characteristic curve). Additionally, SYNTAX Score II's performance was compared 
with the performance of EuroSCORE II, the logistic EuroSCORE, and ACEF Score.
RESULTS: The study cohort included 1454 patients (Medical University of Vienna, 
nâ€‰=â€‰782; Medical University of Innsbruck, nâ€‰=â€‰672). Kaplan-Meier survival curves 
showed that tertiles of SYNTAX Score II were significantly associated with 
mortality (log-rank test, pâ€‰<â€‰0.001). In a stratified multivariable Cox 
proportional-hazards regression model, the following score components were 
independently associated with mortality: age (hazard ratio 1.03, 95% confidence 
interval 1.00 to 1.06), creatinine clearance (hazard ratio 0.98, 95% confidence 
interval 0.97 to 0.99), left-ventricular ejection fraction (hazard ratio 0.97, 
95% confidence interval 0.95 to 0.98), and chronic obstructive pulmonary disease 
(hazard ratio 2.02, 95% confidence interval 1.34 to 3.05). The anatomical SYNTAX 
Score was not independently associated with mortality (hazard ratio 1.00, 95% 
confidence interval 0.98 to 1.02). Assessment of SYNTAX Score II calibration 
revealed an observed-expected ratio of 0.61 and a calibration slope of 0.62 
(pâ€‰<â€‰0.001 for comparison with slopeâ€‰=â€‰1.0), indicating general overestimation 
of 4-year mortality. The c-statistic amounted to 0.73. Performance of SYNTAX 
Score II was comparable with the performance of EuroSCORE II (c-statistic 0.73), 
the logistic EuroSCORE (c-statistic 0.74) and ACEF Score (c-statistic 0.72).
CONCLUSIONS: Our analysis shows that SYNTAX Score II has acceptable 
discriminative strength with respect to 4-year mortality in all-comers 
undergoing isolated coronary artery bypass grafting. Notably, mortality is 
over-estimated in patients with higher SYNTAX Score II values. SYNTAX Score II, 
EuroSCORE II, the logistic EuroSCORE, and ACEF Score offer comparable predictive 
value towards 4-year mortality.

Â© 2025. The Author(s).

DOI: 10.1186/s13019-025-03572-x
PMCID: PMC12330133
PMID: 40775387 [Indexed for MEDLINE]

Conflict of interest statement: Declarations. Ethics approval: The study was 
approved by institutional review boards at both centers (Medical University of 
Vienna: protocol #1385/2020, issued on the 29th of May, 2020; Medical University 
of Innsbruck: protocol #1267/2020, issued on the 22nd of December, 2020). 
Informed consent: Individual patient consent was waived. Consent for 
publication: Not applicable. Competing interests: The authors declare no 
competing interests. Meeting presentation: 36th EACTS Meeting, 7th of October 
2022, Milan, Italy."
40774719,"1. BMJ Open. 2025 Aug 6;15(8):e099447. doi: 10.1136/bmjopen-2025-099447.

BREATHEIN: Better understanding obstructive REspiratory Airway disease Treatment 
and HEalth: a nationwide INvestigative survey in Denmark-a study protocol.

Hansen KK(1)(2)(3), Pedersen LL(4), LÃ¸kke A(4)(3), Hilberg O(4)(3).

Author information:
(1)Department of Medicine, Sygehus Lillebalt Vejle Sygehus, Vejle, Region 
Syddanmark, Denmark kristina.kock.hansen2@rsyd.dk.
(2)Research Center for Integrated Healthcare Region of Southern Denmark, 
Aabenraa, Denmark.
(3)Department of Regional Health Research, University of Southern Denmark, 
Odense, Syddanmark, Denmark.
(4)Department of Medicine, Sygehus Lillebalt Vejle Sygehus, Vejle, Region 
Syddanmark, Denmark.

INTRODUCTION: Understanding patient perspectives on asthma and chronic 
obstructive pulmonary disease (COPD) is limited, with no prior studies employing 
such a large-scale, proactive survey to systematically target individuals with a 
confirmed prescription for inhalation medication. This study aims to explore how 
patients with asthma or COPD manage their lives, including treatment 
experiences, symptoms and impacts on daily life.
METHODS AND ANALYSIS: A nationwide survey will be launched in January 2025, 
targeting adults (â‰¥18 years) in Denmark diagnosed with asthma or COPD and 
prescribed or dispensed inhalation medication between 1 October 2023 and 30 
September 2024. Data from the Danish Health Data Authority's Register of 
Medicinal Product Statistics will identify eligible individuals. The electronic 
survey will be distributed via e-Boks to approximately 450â€‰000 individuals.The 
questionnaire integrates validated tools-COPD Assessment Test, Modified Medical 
Research Council scale, EuroQol 5-Dimension 5-Level and Asthma Control 
Test-alongside expert-developed questions on symptoms, diagnosis, disease 
control, treatment and patient experiences. Questionnaire development included 
10 cognitive interviews with patients from the Outpatient Clinic at Vejle 
Hospital.Descriptive statistics will be used to analyse both continuous and 
categorical data, with sensitivity analyses conducted as well. Data management 
will be handled in Research Electronic Data Capture, and statistical analyses 
will be performed using Stata V.18.0.
ETHICS AND DISSEMINATION: The study is registered with the Danish Data 
Protection Agency (24/5229) and Open Patient Data Explorative Network (OP_2094) 
and follows the Declaration of Helsinki. Results will be published in 
peer-reviewed journals, presented at national and international conferences and 
shared through patient associations.

Â© Author(s) (or their employer(s)) 2025. Re-use permitted under CC BY-NC. No 
commercial re-use. See rights and permissions. Published by BMJ Group.

DOI: 10.1136/bmjopen-2025-099447
PMID: 40774719 [Indexed for MEDLINE]

Conflict of interest statement: Competing interests: None declared."
40774575,"1. J Ethnopharmacol. 2025 Aug 5:120363. doi: 10.1016/j.jep.2025.120363. Online 
ahead of print.

Mechanism Study and Clinical Observation of Jia Wei Su Zi Jiang Qi Formula in 
Reducing Mucus Hypersecretion in Patients with Chronic Obstructive Pulmonary 
Disease.

Lu Q(1), Chen Z(2), Mu BX(3), Wang BH(4), Feng F(5), Zhao J(6), He H(7), Wei 
Y(8).

Author information:
(1)Nanjing University of Chinese Medicine, Nanjing, Jiangsu, 210046, China. 
Electronic address: 986806546@qq.com.
(2)Nanjing University of Chinese Medicine, Nanjing, Jiangsu, 210046, China. 
Electronic address: chenzhu98923@163.com.
(3)Nanjing University of Chinese Medicine, Nanjing, Jiangsu, 210046, China. 
Electronic address: mbx2580574097@163.com.
(4)Nanjing University of Chinese Medicine, Nanjing, Jiangsu, 210046, China. 
Electronic address: 1013176301@qq.com.
(5)Affiliated Hospital of Nanjing University of Chinese Medicine, Jiangsu 
Province Hospital of Chinese Medicine, Nanjing, Jiangsu, 210029, China. 
Electronic address: FC_FengNJUCM@163.com.
(6)Affiliated Hospital of Nanjing University of Chinese Medicine, Jiangsu 
Province Hospital of Chinese Medicine, Nanjing, Jiangsu, 210029, China. 
Electronic address: 407313124@qq.com.
(7)Affiliated Hospital of Nanjing University of Chinese Medicine, Jiangsu 
Province Hospital of Chinese Medicine, Nanjing, Jiangsu, 210029, China. 
Electronic address: lyghehailang@163.com.
(8)Affiliated Hospital of Nanjing University of Chinese Medicine, Jiangsu 
Province Hospital of Chinese Medicine, Nanjing, Jiangsu, 210029, China. 
Electronic address: Jsszyyhxk@163.com.

ETHNOPHARMACOLOGICAL RELEVANCE: COPD, marked by coughing, sputum production, and 
wheezing, is categorized as ""Lung Distension"" in Traditional Chinese Medicine 
(TCM). The combined use of Suzi Jiangqi Decoction and Sanzi Yangqin Decoction, 
known as Jia Wei Su Zi Jiang Qi Formula (JWSZJQF), is a common treatment for 
Lung Distension with phlegm accumulation in the lungs. It is particularly 
effective for symptoms like excessive phlegm and chest tightness. However, the 
specific active components of JWSZJQF and their molecular mechanisms in 
addressing mucus hypersecretion in COPD remain unclear, requiring further 
investigation and validation.
AIM OF THE STUDY: This study aims to identify the potential targets and 
signaling pathways of JWSZJQF in treating COPD-associated mucus hypersecretion 
using UHPLC-Q-Orbitrap MS/MS, network pharmacology, and in vitro experimental 
verification.
MATERIALS AND METHODS: All plant names were verified through WorldFloraOnline 
(www.worldFloraonline.org) and MPNs (http://mpns.kew.org). First, the effective 
components of JWSZJQF were identified and analyzed using UHPLC-Q-Orbitrap MS/MS, 
supplemented by data from TCMSP. Network pharmacology analysis was used to 
determine the potential targets and pathways of JWSZJQF in COPD treatment. A 
mucus hypersecretion cell model was created using IL-17 cytokine, and the 
effectiveness of JWSZJQF in reducing mucus hypersecretion was assessed through 
immunofluorescence assay, Western blotting, and quantitative real-time 
polymerase chain reaction (qPCR). Lastly, a prospective study was conducted to 
collect data from 30 inpatients with AECOPD between September 2023 and July 
2024. Serum samples before and after treatment were analyzed to validate the 
findings.
RESULTS: A total of 864 active components were identified, with 79 potential 
COPD therapeutic targets confirmed based on the top 30 active components, 
including TNF, IL-6, and AKT1. The involved KEGG pathways included the IL-17 and 
NF-ÎºB signaling pathways. In vitro experiments showed that JWSZJQF inhibited 
mucin (MUC5AC) secretion at both mRNA and protein levels. Additionally, JWSZJQF 
modulated i-ÎºBÎ± and p65 expression in the NF-ÎºB pathway. Compared to the control 
group, patients treated with JWSZJQF exhibited lower levels of IL-17 and MUC5AC 
in their serum.
CONCLUSION: This study preliminarily explored the mechanisms of JWSZJQF in 
treating COPD-associated mucus hypersecretion through UHPLC-Q-Orbitrap MS/MS, 
network pharmacology, in vitro experiments, and clinical observation. The main 
active components and potential targets were identified, laying a scientific 
foundation for further research.

Copyright Â© 2025. Published by Elsevier B.V.

DOI: 10.1016/j.jep.2025.120363
PMID: 40774575

Conflict of interest statement: Declaration of Competing Interest â˜’ The authors 
declare that they have no known competing financial interests or personal 
relationships that could have appeared to influence the work reported in this 
paper."
40774328,"1. HIV Med. 2025 Aug 7. doi: 10.1111/hiv.70094. Online ahead of print.

Morbidity and risk factors of COVID-19 in people with HIV-1 in Europe: A 
combined observational cohort and nested case-control study.

Behrens GMN(1), Assoumou L(2), De Wit S(3), MacDonald R(4), de Castro N(5), Rokx 
C(6), Middleditch H(7), Johnson M(8), Casado JL(9), Arribas JR(10), Blanco 
JR(11), Fletcher C(12), Eteve-Pitsaer C(13), BaldÃ© A(2), Pozniak A(14)(15)(16), 
Martinez E(17)(18); HIV CoCo Study Group.

Collaborators: Imaz A, Crestelo DR, Canuto MM, Arevalo JLB, De Santiago AD, 
Pedrol PD, Philibert P, Molina JM, Post F, Apoola A, Orkin C, Gompels M, Bracchi 
M, Fox J, Vasylyev M.

Author information:
(1)Department of Rheumatology and Immunology, Hannover Medical School, Hanover, 
Germany.
(2)Sorbonne UniversitÃ©, INSERM, Institut Pierre Louis d'EpidÃ©miologie et de 
SantÃ© Publique, Paris, France.
(3)CHU St Pierre, Brussels, Belgium.
(4)Brownlee Centre, Gartnavel General Hospital, Glasgow, UK.
(5)Hopital Saint Louis, Paris, France.
(6)Department of Internal Medicine and Department of Medical Microbiology and 
Infectious Diseases, Erasmus Medical Centre, Rotterdam, The Netherlands.
(7)King's College Hospital, London, UK.
(8)Royal Free Hospital, London, UK.
(9)Hospital Universitario Ramon y Cajal, Madrid, Spain.
(10)Hospital Universitario La Paz, Madrid, Spain.
(11)Hospital Universitario San Pedro, LogroÃ±o, Spain.
(12)Research Organisation Kings Cross, London, UK.
(13)Cegedim Health Data, Boulogne-Billancourt, France.
(14)Chelsea and Westminster Hospital, London, UK.
(15)LSHTM, London, UK.
(16)The European Treatment Network for HIV, Hepatitis and Global Infectious 
Diseases (NEAT ID), Belgium, Brussels, Belgium.
(17)Hospital ClÃ­nic, Barcelona, Spain.
(18)CIBER de Enfermedades Infecciosas (CIBERINFEC), Instituto de Salud Carlos 
III, Madrid, Spain.

OBJECTIVE: To study the COVID-19 disease course in people living with HIV (PLWH) 
based on meaningful case numbers, information about comorbidities, 
antiretroviral and COVID-19 treatment and HIV disease-related variables.
METHODS: Multi-centre, observational, retrospective study of people living with 
HIV with COVID-19 matched to HIV-uninfected individuals with COVID-19 (HUC) and 
a case-control study of people living with HIV with COVID-19 matched to COVID-19 
negative people living with HIV. Kaplan-Meier estimates and Cox 
proportional-hazards models stratified on each matched pair were used for 
COVID-19 outcomes, and conditional logistic regression models were used to 
identify risk factors for COVID-19 infection.
RESULTS: Five hundred people living with HIV and COVID-19, 1106 HUC and 992 
people living with HIV without COVID-19 were included. Rates for chronic kidney 
disease, peripheral vascular disease, dementia, prior pneumonia and liver 
disease in people living with HIV with COVID-19 were significantly higher by 
4.1-, 2.9-, 2.6-, 2.4- and 1.6-fold, respectively, compared to HIV seronegative 
COVID-19 patients. Chronic kidney disease, chronic obstructive pulmonary disease 
(COPD), body mass index (BMI) â‰¥30â€‰kg/m2, Centers for Disease Control and 
Prevention stage B versus A and HIV viral load â‰¥50 copies/mL were significant 
risk factors for COVID-19 in people living with HIV. Critical care admission or 
death in people living with HIV was comparable to HUC, whilst people living with 
HIV stayed longer in hospital (11 vs. 9â€‰days) and in intensive care unit (ICU) 
(18 vs. 7â€‰days) and had a higher age-adjusted Charlson comorbidity index.
CONCLUSIONS: Our study highlights the importance of a well-controlled HIV 
infection to prevent severe COVID-19-related outcomes. In people living with HIV 
and COVID-19, chronic kidney disease and a higher Charlson comorbidity index are 
risk factors that should prompt early treatment of COVID-19.

Â© 2025 The Author(s). HIV Medicine published by John Wiley & Sons Ltd on behalf 
of British HIV Association.

DOI: 10.1111/hiv.70094
PMID: 40774328"
40774305,"1. Dtsch Med Wochenschr. 2025 Aug;150(17):1040-1045. doi: 10.1055/a-2368-1546.
Epub  2025 Aug 7.

[Home mechanical ventilation: What's new?].

[Article in German; Abstract available in German from the publisher]

Stanzel SB(1)(2), Wollsching-Strobel M(1)(2).

Author information:
(1)Klinik fÃ¼r Pneumologie, Beatmungsmedizin und thorakale Onkologie, 
Lungenklinik KÃ¶ln-Merheim, Kliniken der Stadt KÃ¶ln gGmbH, UniversitÃ¤t 
Witten-Herdecke, KÃ¶ln, Germany.
(2)Department fÃ¼r Gesundheit, UniversitÃ¤t Witten/Herdecke, Witten.

Home mechanical ventilation (HMV) has evolved significantly over the past 
decade. While initially used primarily for neuromuscular diseases, the 
increasing application of non-invasive ventilation (NIV) for chronic obstructive 
pulmonary disease (COPD) has demonstrated significant benefits in reducing 
mortality and hospitalizations. Concurrently, the prevalence of obesity 
hypoventilation syndrome (OHS) is rising, necessitating adapted treatment 
strategies. The newly updated German S3-guideline differentiates between NIV and 
invasive ventilation and includes refined indication criteria, particularly for 
COPD. Furthermore, it incorporates ethical considerations regarding 
decision-making in ventilation therapy and end of life. Alternative treatment 
options for chronic respiratory insufficiency are also gaining clinical and 
scientific attention. High flow therapy, which is already being used effectively 
for acute respiratory insufficiency, is increasingly being used for chronic 
respiratory insufficiency. Furthermore, the implementation of the Intensive Care 
and Rehabilitation Strengthening Act (IPREG) has established new quality 
standards in long-term mechanical ventilation, yet challenges persist in its 
nationwide application.

Publisher: Die nicht invasive Beatmung (NIV) gewinnt zunehmend an Bedeutung in 
der Therapie der chronischen respiratorischen Insuffizienz, insbesondere bei 
COPD-Patient*innen. Der Anstieg der NIV-beatmeten Patient*innen ist auf die 
zunehmende Evidenz zur Wirksamkeit dieser Therapieform zurÃ¼ckzufÃ¼hren.Der 
medizinische Fortschritt sowie zunehmend komplexere Indikationsstellungen 
machten es notwendig, die Leitlinie zur nicht invasiven Beatmung bei chronisch 
respiratorischer Insuffizienz von derjenigen zur invasiven Beatmung zu trennen. 
Zudem wurden neue ethische Richtlinien zur Entscheidungsfindung bei der 
Einleitung und Beendigung der Beatmungstherapie in der Leitlinie 
implementiert.Die Entscheidung zwischen ambulanter und stationÃ¤rer Kontrolle 
sollte auf der Grundlage klar definierter Behandlungsalgorithmen getroffen 
werden. Die ÃœberprÃ¼fung der BeatmungseffektivitÃ¤t, die Erfassung des 
Patient*innen-Komforts, die Bewertung der Symptomlast sowie die Analyse der 
GerÃ¤tenutzung und -handhabung tragen zur Entscheidung bei.Das Intensivpflege- 
und RehabilitationsstÃ¤rkungsgesetz (IPREG) setzt neue Standards fÃ¼r die 
QualitÃ¤tssicherung und fÃ¶rdert das Weaning bei invasiv beatmeten Patient*innen; 
hier bestehen allerdings noch KapazitÃ¤tsengpÃ¤sse, um die neuen Empfehlungen 
adÃ¤quat umzusetzen.Neue Leitlinien prÃ¤zisieren Indikationskriterien und betonen 
die Rolle der High-Intensity-NIV. Die Versorgung von Patient*innen mit 
Obesitas-Hypoventilationssyndrom (OHS) wurde durch aktualisierte 
Therapie-Algorithmen optimiert. Die nasale High-Flow-Therapie (HFT) zeigt sich 
als vielversprechende zusÃ¤tzliche Therapie-Option â€“ auch bei chronisch 
respiratorischer Insuffizienz. Die Datenlage hierzu ist allerdings noch 
unzureichend, sodass aktuell keine Empfehlung hierzu ausgesprochen werden kann.

Thieme. All rights reserved.

DOI: 10.1055/a-2368-1546
PMID: 40774305 [Indexed for MEDLINE]

Conflict of interest statement: Bitte Ã¤ndern in: SBS und MWS geben an 
ReisekostenunterstÃ¼tzung von Firmen erhalten zu haben die BeatmungsgerÃ¤te 
vertreiben."
40774276,"1. Chronic Obstr Pulm Dis. 2025 Aug 6. doi: 10.15326/jcopdf.2024.0599. Online
ahead  of print.

Diagnosing Type 2 Inflammation in COPD: Comparison of Blood and Sputum 
Eosinophil Assessment in the University of California Los Angeles COPD 
Phenotyping Study.

LeMaster WB(1), Ingersoll SA(2), Phee H(2), Wen R(3), Bai J(4), Belperio JA(3), 
Buhr RG(3)(4)(5), Phillips JE(2), Palchevskiy V(3), Bina T(3), Tashkin DP(3), 
Cooper CB(3)(6), Barjaktarevic IZ(3).

Author information:
(1)Division of Allergy, Pulmonary, and Critical Care Medicine, Department of 
Medicine, Vanderbilt University School of Medicine, Nashville, Tennessee, United 
States.
(2)AMGEN Discovery Research, Thousand Oaks, California, United States.
(3)Division of Pulmonary and Critical Care Medicine, Department of Medicine, 
David Geffen School of Medicine, University of California Los Angeles, Los 
Angeles, California, United States.
(4)Department of Health Policy and Management, Fielding School of Public Health 
at University of California Los Angeles, Los Angeles, California, United States.
(5)Center for the Study of Healthcare Innovation, Implementation, and Policy, VA 
Greater Los Angeles Healthcare System, Los Angeles, California, United States.
(6)Department of Physiology, David Geffen School of Medicine, University of 
California Los Angeles, Los Angeles, California, United States.

BACKGROUND: COPD phenotyping is an approach for developing tailored therapies. 
The eosinophilic phenotype is associated with exacerbation risk and response to 
specific treatments. This study evaluates the relationship between sputum and 
blood eosinophilia, hypothesizing that sputum eosinophil percentage (SpE%) 
better reflects disease severity and exacerbation risk than blood eosinophil 
counts (BEC).
METHODS: A single-center, prospective observational cohort enrolled 107 
participants aged 40-80 with clinically diagnosed COPD. Participants completed 
spirometry, a 6-minute walk test, and questionnaires, and blood and sputum 
samples were provided at baseline and 3 months. BEC and SpE% were measured via 
routine complete blood counts and flow cytometric analyses (FACS). Eosinophilic 
phenotype thresholds were defined as BECâ‰¥300 cells/Î¼L and SpE%â‰¥2%, and 
associations with clinical characteristics and outcomes were investigated.
RESULTS: Adequate sputum specimens were obtained less frequently than blood 
(60.7% vs 98%). SpE% showed poor repeatability (interclass coefficient 0.36) and 
poor correlation with FACS (Spearman's ðœŒ=0.008, p=0.58). Conversely, BEC showed 
higher repeatability (ðœŒ=0.67, p<0.01) and better correlation with FACS (ðœŒ=0.74, 
p<0.01). More participants were classified as eosinophilic COPD by sputum 
(33.3%) than by blood (19.6%). BEC values were poorly correlated with SpE% 
(ðœŒ=0.13, P=0.39), and sputum and blood-based diagnostic criteria showed poor 
agreement (64.5%, Cohen's ðœ… 0.10). High SpE%, but not high BEC, was associated 
with lower FEV1 % predicted.
CONCLUSIONS: In stable COPD patients, BEC and SpE% did not correlate well, and 
blood- and sputum-based diagnostic criteria identified different individuals. 
Defining eosinophilic COPD requires a better understanding of the biocompartment 
sampled, testing methods, and cut-off values used.

JCOPDF Â© 2025.

DOI: 10.15326/jcopdf.2024.0599
PMID: 40774276"
40773893,"1. Int Immunopharmacol. 2025 Aug 6;164:115317. doi: 10.1016/j.intimp.2025.115317.
 Online ahead of print.

IL-36R deletion mitigates cigarette smoke-induced airway inflammation and 
skeletal muscle dysfunction.

Li D(1), Qu J(1), Pei Y(1), Rao Y(1), Zhang Y(1), Chen Y(1), Sun Y(2).

Author information:
(1)Department of Respiratory and Critical Care Medicine, Peking University Third 
Hospital; Research Center for Chronic Airway Diseases, Peking University Health 
Science Center, Beijing 100191, China.
(2)Department of Respiratory and Critical Care Medicine, Peking University Third 
Hospital; Research Center for Chronic Airway Diseases, Peking University Health 
Science Center, Beijing 100191, China.. Electronic address: suny@bjmu.edu.cn.

Chronic inflammation is a crucial driver in the development of chronic 
obstructive pulmonary disease (COPD) and its comorbidities, such as skeletal 
muscle dysfunction. Heightened IL-36 expression in the lung and systemic 
circulation has been observed in patients with COPD, but the potential role of 
IL-36 in COPD still needs further exploration. Herein, we established a COPD 
model through long-term cigarette smoke (CS) exposure in mice with or without 
IL-36R deletion. Elevated IL-36 cytokines were observed in the lung and 
peripheral blood of CS-exposed wild-type mice. IL-36R gene deficiency attenuated 
CS-induced lung parenchymal destruction and airway inflammation, as evidenced by 
decreased secretion of inflammatory mediators, such as IL-6, IL-1Î², TNF-Î± and 
MMP9, and a diminished Th1/Tc1- and Tfh-biased immune response. In addition, 
skeletal muscle dysfunction was alleviated in CS-exposed mice by IL-36R 
deletion. Further investigations indicated that CS treatment induced the 
expression of IL-36 cytokines and IL-36R in C2C12 myotubes and skeletal muscles, 
and that IL-36 cytokines could upregulate FBXO32 and TRIM63 expression by 
activating NF-ÎºB p65 pathway, thereby leading to skeletal muscle atrophy in an 
endocrine and autocrine/paracrine manner. Our findings provide evidence for a 
critical role of the IL-36/IL-36R signaling in the pathogenesis of CS-induced 
COPD and comorbid skeletal muscle dysfunction.

Copyright Â© 2025 Elsevier B.V. All rights reserved.

DOI: 10.1016/j.intimp.2025.115317
PMID: 40773893

Conflict of interest statement: Declaration of competing interest The authors 
declare that they have no known competing financial interests or personal 
relationships that could have appeared to influence the work reported in this 
paper."
40773134,"1. Biochemistry. 2025 Aug 7. doi: 10.1021/acs.biochem.5c00148. Online ahead of 
print.

Biased Signaling and Its Role in the Genesis of Short- and Long-Acting 
Î²(2)-Adrenoceptor Agonists.

Phan NTN(1)(2), Borrega-Roman L(1)(2), Hoare BL(1)(2), Harwood CR(1)(2), Geary 
N(2), Guba W(3), Han Y(1)(2), Zenko V(1)(2), Koers EJ(1)(2), Rufer AC(3), 
Grether U(3), Veprintsev DB(1)(2)(4), Sykes DA(1)(2)(4).

Author information:
(1)Division of Physiology, Pharmacology & Neuroscience, School of Life Sciences, 
University of Nottingham, Nottingham NG7 2UH, U.K.
(2)Centre of Membrane Proteins and Receptors (COMPARE), University of 
Nottingham, Midlands, Nottingham NG7 2UH, U.K.
(3)Roche Pharma Research & Early Development, Therapeutic Modalities, Roche 
Innovation Center Basel, F. Hoffmann-La Roche Ltd., 4070 Basel, Switzerland.
(4)Z7 Biotech Limited, 1 Poplars Court, Lenton Lane, Nottingham NG7 2RR, U.K.

Drug discovery is a costly and time-intensive process that is often limited by 
efficacy issues and unforeseen side effects. GPCR-targeting ligands, which 
account for one-third of marketed drugs, have been shown to exhibit biased 
signaling and preferential activation of one signaling pathway over another. 
While designing biased ligands is a recent advancement, their therapeutic 
benefits remain uncertain. However, the success of existing drugs raises the 
following question: do they inherently exhibit signaling bias that enhances 
efficacy or safety? This study examines the signaling profiles of short- and 
long-acting Î²2AR agonists (SABAs and LABAs), key treatments for asthma and COPD, 
using biosensors to measure G protein and Î²-arrestin coupling. Older SABAs, such 
as isoprenaline and isoetharine, show minor G protein bias, while newer agents, 
such as salbutamol, demonstrate significant G protein bias. Among LABAs, 
salmeterol shows greater G protein bias compared to that of the more balanced 
formoterol. This shift toward G protein bias over 50 years reflects efforts to 
improve asthma treatments. The increased bias results from reduced 
ligand-receptor residence times and weaker receptor-Î²-arrestin complex 
formation, contributing to the enhanced efficacy. Despite the potential 
advantages, a systematic evaluation of signaling bias remains underutilized in 
drug development. Early-stage, high-throughput tools to assess signaling 
profiles could improve candidate selection, reduce late-stage failures, and 
minimize side effects. We advocate for the routine integration of biosensors for 
quantifying signaling bias, optimizing compound selection, and enhancing 
therapeutic outcomes.

DOI: 10.1021/acs.biochem.5c00148
PMID: 40773134"
40772230,"1. Front Cell Dev Biol. 2025 Jul 23;13:1552126. doi: 10.3389/fcell.2025.1552126. 
eCollection 2025.

Association of gastroesophageal reflux disease with the incidence of pulmonary 
disease.

Wang X(#)(1)(2), Wang Y(#)(2), Bu Y(2), Liu Y(3), Gong S(3), Che G(2).

Author information:
(1)Department of Respiratory and Critical Care Medicine, State Key Laboratory of 
Respiratory Health and Multimorbidity, Key Laboratory of Plateau Medicine of 
Sichuan Province, West China Hospital, Sichuan University, Chengdu, China.
(2)Department of Thoracic Surgery/Lung Cancer Center, West China Hospital, 
Sichuan University, Chengdu, China.
(3)Department of Thoracic Surgery, The Public Health Clinical Center of Chengdu, 
Chengdu, China.
(#)Contributed equally

OBJECTIVE: Concurrent pulmonary diseases are common in patients with 
gastroesophageal reflux disease (GERD). However, whether GERD increase the 
incidence of pulmonary diseases is uncertain because of a lack of quantitative 
evidence. We conducted a meta-analysis to determine whether GERD was associated 
with the increased incidence of subsequent of pulmonary diseases.
METHODS: The PubMed, Embase, Web of Science and Cochrane Library databases were 
searched through 12 July 2024. The primary outcomes were asthma and pneumonia, 
and the secondary outcomes were pulmonary fibrosis (PF), chronic obstructive 
pulmonary disease (COPD), lung cancer, interstitial lung disease (ILD), 
bronchiectasis, bronchitis, acute lung injury (ALI), pulmonary embolism, 
pulmonary tuberculosis (PTB) and nontuberculous mycobacterial pulmonary disease 
(NTMPD). Odds ratios (ORs) with 95% confidence intervals (CIs) were calculated 
to investigate the associations of prior GERD with the incidence of pulmonary 
diseases, and subgroup analyses based on the treatment of GERD, age and source 
of OR were performed.
RESULTS: A total of 45 cohort studies were included. The pooled results 
indicated that GERD was significantly linked to an increased incidence of asthma 
(OR = 1.50, P < 0.001) and pneumonia (OR = 1.53, P < 0.001), as did PF (OR = 
1.43, P = 0.001), COPD (OR = 1.41, P = 0.004), lung cancer (OR = 1.51, P < 
0.001), ILD (OR = 1.28, P = 0.015), bronchiectasis (OR = 1.63, P = 0.039), 
bronchitis (OR = 1.24, P < 0.001), ALI (OR = 2.07, P < 0.001), pulmonary 
embolism (OR = 1.33, P = 0.013), PTB (OR = 1.63, P = 0.015) and NTMPD (OR = 
3.36, P < 0.001). Subgroup analyses stratified by age and source of OR yielded 
similar results. However, no significant associations between treated GERD and 
the incidence of asthma (OR = 1.27, P = 0.081) or lung cancer (OR = 1.01, P = 
0.97) were observed.
CONCLUSION: The presence of GERD is associated with an increased incidence of 
subsequent various pulmonary diseases, but regular treatment may eliminate this 
effect. These findings highlight the importance of screening and management for 
pulmonary diseases and of standardized therapy in patients with GERD.
CLINICAL TRIAL REGISTRATION NO: INPLASY202490013.

Copyright Â© 2025 Wang, Wang, Bu, Liu, Gong and Che.

DOI: 10.3389/fcell.2025.1552126
PMCID: PMC12327043
PMID: 40772230

Conflict of interest statement: The authors declare that the research was 
conducted in the absence of any commercial or financial relationships that could 
be construed as a potential conflict of interest."
40772074,"1. J Educ Health Promot. 2025 Jul 4;14:248. doi: 10.4103/jehp.jehp_418_24. 
eCollection 2025.

Effect of spiritual care programs on anxiety and quality of life of chronic 
respiratory patients.

Yoosefee S(1), Tehrani FJ(2), Azarpira H(3).

Author information:
(1)Department of Neurology, School of Medicine Neuroscience Research Center, Qom 
University of Medical Sciences, Qom, Shahid Lavasani St, Iran.
(2)Department of Community Health Nursing, School of Nursing and Midwifery, 
Shahid Beheshti University of Medical Sciences, Tehran, Iran.
(3)Department of Environmental Health Engineering, Social Determinants of Health 
Research Center Saveh University of Medical Sciences, Saveh, Markazi Province, 
Iran.

BACKGROUND: Chronic respiratory disease is currently the third most common cause 
of death worldwide and is associated with reduced quality of life, anxiety, and 
depression. The purpose of this study is to determine the effectiveness of 
spiritual care programs on anxiety and quality of life of chronic respiratory 
patients.
MATERIALS AND METHODS: This semi-experimental study was conducted on chronic 
respiratory patients in 2023 at Shahid Modares Hospital in Saveh city. The 
spiritual care program was held during five consecutive sessions for 2 hours for 
the test group. All patients completed the pretest, and then 1 month after the 
end of the intervention, they were evaluated in terms of anxiety and quality of 
life. Block randomization method was used to allocate patients.
RESULTS: There was a significant relationship between situational anxiety and 
all demographic variables. A significant relationship was found between trait 
anxiety and gender, insurance, and history of surgery. The results showed that 
there is a significant relationship between different dimensions of quality of 
life with some demographic variables such as age, income, gender, and history of 
surgery. The score of situational and trait anxiety in the test and control 
groups did not show a significant difference after the intervention (P value = 
0.09), but this difference was significant in the case of trait anxiety (P value 
= 0.01).
CONCLUSION: The correct inclusion of spirituality in the daily clinical routine 
can reduce patients' anxiety and have significant positive effects on patients 
by creating comfort, increasing adherence to treatment and improving quality of 
life.

Copyright: Â© 2025 Journal of Education and Health Promotion.

DOI: 10.4103/jehp.jehp_418_24
PMCID: PMC12327753
PMID: 40772074

Conflict of interest statement: There are no conflicts of interest."
40771814,"1. Front Immunol. 2025 Jul 23;16:1617694. doi: 10.3389/fimmu.2025.1617694. 
eCollection 2025.

Efficacy and safety of dietary polyphenol supplements for COPD: a systematic 
review and meta-analysis.

Wu D(#)(1)(2), Dong Y(#)(1), Zhang D(1), Wang T(1), Ye H(1), Zhang W(3).

Author information:
(1)Anhui University of Traditional Chinese Medicine, Hefei,Â China.
(2)The First Affiliated Hospital of Hunan University of Traditional Chinese 
Medicine, Changsha,Â China.
(3)Shuguang Hospital, affiliated with Shanghai University of Traditional Chinese 
Medicine, Shanghai,Â China.
(#)Contributed equally

BACKGROUND: The therapeutic application of dietary polyphenols in chronic 
obstructive pulmonary disease (COPD) management represents an emerging 
therapeutic paradigm in pulmonary medicine. As bioactive compounds exhibiting 
dual antioxidant and anti-inflammatory properties, polyphenolic derivatives 
demonstrate significant therapeutic potential through multimodal mechanisms 
targeting COPD pathophysiology - particularly in modulating redox homeostasis 
(GSH/GSSG ratio elevation), attenuating NF-ÎºB-mediated inflammatory cascades, 
and enhancing respiratory function parameters (FEV1 improvement â‰¥12% from 
baseline). However, current clinical evidence remains inconclusive, with 
meta-analyses revealing heterogeneity in intervention outcomes across randomized 
controlled trials. This systematic investigation employs a triple-blind, 
placebo-controlled design to rigorously evaluate the clinical efficacy of 
standardized oral polyphenol supplementation in COPD patients (GOLD stages 
II-III), incorporating advanced biomarkers including 8-isoprostane 
quantification and pulmonary function trajectory analysis.
METHODS: Literature on dietary polyphenols for the treatment of COPD published 
in PubMed, Cochrane, Medline, CNKI and other databases before December 26, 2024 
(in Chinese and English) was searched. Manual screening, quality assessment and 
data extraction of search results were performed in strict accordance with the 
inclusion and exclusion criteria. Meta-analysis was performed using RevMan 5.3 
software.
RESULTS: The randomized controlled trials (RCTs) included in this review 
examined dietary supplementation with eight polyphenols-curcumin, resveratrol, 
anthocyanins, quercetin, salidroside, dietary beetroot juice, pomegranate juice, 
and adjunctive oral AKL1 treatment-across a total of 894 participants. This 
systematic review and meta-analysis revealed that, compared to a placebo; â‘  
Curcumin significantly reduced systolic blood pressure (SBP) and improved 
FEV1(SMD=-0.82, 95%CI -1.53 to -0.11); â‘¡ Salidroside was effective in reducing 
thrombotic markers (TT, D-D), inflammatory factors (TNF-Î±) and symptom scores 
(CAT) (p<0.01); â‘¢ Resveratrol significantly downregulates serum TNF-Î± and IL-8 
levels (p=0.003); â‘£ Anthocyanins may accelerate lung function decline (decreased 
FEV1/FVC, which needs to be interpreted with caution); â‘¤ Other polyphenols 
(quercetin, pomegranate juice, AKL1, etc.) did not show significant efficacy or 
insufficient evidence. It is worth noting that the overall meta-analysis of some 
indicators (such as FEV1/FVC) did not reach statistical significance, but 
subgroup analysis suggested the potential value of specific polyphenols.
CONCLUSION: This systematic review confirms that the efficacy of dietary 
polyphenols is significantly composition-specific. Curcumin and salidroside can 
improve the course of COPD by regulating blood pressure, inflammation, and the 
coagulation pathway, supporting the hypothesis of ""polyphenol targeting of 
metabolic-inflammatory networks"". However, the possible negative effects of 
anthocyanins warn against ingredient heterogeneity. Clinical significance: 
Curcumin (200-500 mg/day) and tanshinone are recommended as adjuvant treatment 
options for COPD, but blind combination should be avoided; the safety of 
ingredients such as quercetin needs to be further verified. These results 
provide graded evidence for personalized nutritional interventions, promoting 
the transformation of polyphenol preparations from dietary supplements to 
precision adjuvant therapies.

Copyright Â© 2025 Wu, Dong, Zhang, Wang, Ye and Zhang.

DOI: 10.3389/fimmu.2025.1617694
PMCID: PMC12325041
PMID: 40771814 [Indexed for MEDLINE]

Conflict of interest statement: The authors declare that the research was 
conducted in the absence of any commercial or financial relationships that could 
be construed as a potential conflict of interest."
40771765,"1. Front Cardiovasc Med. 2025 Jul 23;12:1539372. doi: 10.3389/fcvm.2025.1539372. 
eCollection 2025.

Treatment of infective endocarditis caused by Enterococcus faecalis with a 
combination of penicillin G and ceftriaxone: a case report and literature 
review.

Jiang L(1)(2), Lin Z(1), Wu S(1), Chen T(1).

Author information:
(1)Department of Pharmacy, Quanzhou First Hospital Affiliated to Fujian Medical 
University, Quanzhou, Fujian, China.
(2)College of Pharmacy, Fujian Medical University, Fuzhou, Fujian, China.

This report presents a case of Infective Endocarditis (IE) caused by 
Enterococcus faecalis (E. faecalis). The E. faecalis isolates were sensitive to 
ampicillin, penicillin G, and vancomycin. However, the outcome of anti-infection 
therapy was poor, and the patient was suspected to be allergic to vancomycin and 
ampicillin-sulbactam. This prompted various changes in antibiotic treatment 
regimens, with the patient eventually cured after administration of penicillin G 
combined with ceftriaxone (PC regimen). Literature was retrieved from the CNKI, 
Wanfang, Weipu, and PubMed databases to determine the efficacy of the PC regimen 
in the treatment of E. faecalis-induced IE. From the literature retrieved and 
our case study, there were only five reports of cases that had been treated with 
the PC regimen, with a mean age of (61.6â€‰Â±â€‰17.2) years. The cases that had been 
previously reported in the literature involved patients of advanced age with 
complicated underlying diseases such as chronic obstructive pulmonary disease 
(COPD), atrial valve replacement, bladder carcinoma, and type 2 diabetes 
mellitus. The minimal inhibitory concentration (MIC) of ampicillin against the 
E. faecalis isolates from all five patients was <2â€…Î¼g/ml, and all isolates 
showed susceptibility to penicillin G. All five patients were initially treated 
with other antimicrobial regimens but were eventually cured after switching to 
the PC regimen. In conclusion, ampicillin combined with ceftriaxone (AC regimen) 
can be substituted with the PC regimen for the treatment of IE caused by 
penicillin-susceptible E.faecalis when ampicillin is not available, when 
outpatient parenteral antimicrobial therapy (OPAT) with an AC regimen is not 
feasible, or when the patient is allergic to ampicillin.

Â© 2025 Jiang, Lin, Wu and Chen.

DOI: 10.3389/fcvm.2025.1539372
PMCID: PMC12325420
PMID: 40771765

Conflict of interest statement: The authors declare that the research was 
conducted in the absence of any commercial or financial relationships that could 
be construed as a potential conflict of interest."
